<?xml version="1.0" encoding="UTF-8" ?>
<!DOCTYPE mapper
        PUBLIC "-//mybatis.org//DTD Mapper 3.0//EN"
        "http://mybatis.org/dtd/mybatis-3-mapper.dtd">
<mapper namespace="com.shuc.dataupload.mapper.ProductMapper">

    <select id="getProductById" resultType="com.shuc.dataupload.bean.Product">
        select * from product_info where id = #{id}
    </select>

    <select id="getAllProduct" resultType="com.shuc.dataupload.bean.Product">
        select * from product_info
    </select>

    <insert id="addProduct" useGeneratedKeys="true" keyProperty="id" keyColumn="id">
        insert into product_info (
        product_name,
        product_creator,
        product_type,
        product_desc,
        audio_url,
        video_url,
        img_url,
        file_url
        ) values (
        #{productName},
        #{productCreator},
        #{productType},
        #{productDesc},
        #{audioUrl},
        #{videoUrl},
        #{imgUrl},
        #{fileUrl}
        )
    </insert>

    <update id="updateProduct" >
        update product_info set
        product_name = #{productName},
        product_creator = #{productCreator},
        product_type = #{productType},
        product_desc = #{productDesc},
        audio_url = #{audioUrl},
        video_url = #{videoUrl},
        img_url = #{imgUrl},
        file_url = #{fileUrl} where id = #{id}
    </update>

</mapper>